round,playerid,gameid,payoff,id
0,53,1,17/2,184
0,59,1,31/4,185
0,61,1,5,186
0,38,1,43/6,187
0,65,1,9,188
0,53,2,11,189
0,59,2,14,190
0,61,2,17,191
0,38,2,7,192
0,65,2,10,193
0,53,3,7/2,194
0,59,3,29/8,195
0,61,3,19/4,196
0,38,3,59/12,197
0,65,3,7/3,198
1,31,1,351/40,199
1,41,1,351/40,200
1,48,1,351/40,201
1,53,1,351/40,202
1,59,1,593/80,203
1,61,1,131/20,204
1,63,1,1557/200,205
1,32,1,279/70,206
1,34,1,1133/140,207
1,38,1,1167/140,208
1,57,1,1696/175,209
1,31,2,79/8,210
1,41,2,79/8,211
1,48,2,209/40,212
1,53,2,209/40,213
1,59,2,151/20,214
1,61,2,209/40,215
1,63,2,1393/200,216
1,32,2,548/35,217
1,34,2,3,218
1,38,2,1793/175,219
1,57,2,2434/175,220
1,31,3,391/50,221
1,41,3,6,222
1,48,3,539/200,223
1,53,3,391/50,224
1,59,3,2103/400,225
1,61,3,361/40,226
1,63,3,11473/2000,227
1,32,3,6,228
1,34,3,932/175,229
1,38,3,4258/875,230
1,57,3,173/35,231
2,31,1,1871/360,232
2,41,1,635/72,233
2,48,1,635/72,234
2,53,1,553/60,235
2,59,1,5189/720,236
2,61,1,553/60,237
2,63,1,1871/360,238
2,32,1,125/14,239
2,34,1,7,240
2,38,1,453/56,241
2,55,1,355/42,242
2,57,1,272/35,243
2,60,1,115/14,244
2,31,2,461/40,245
2,41,2,51/4,246
2,48,2,461/40,247
2,53,2,461/40,248
2,59,2,971/80,249
2,61,2,461/40,250
2,63,2,461/40,251
2,32,2,271/14,252
2,34,2,1919/140,253
2,38,2,699/70,254
2,55,2,53/7,255
2,57,2,453/28,256
2,60,2,741/56,257
2,31,3,26/3,258
2,41,3,6,259
2,48,3,17/6,260
2,53,3,49/6,261
2,59,3,11/2,262
2,61,3,55/6,263
2,63,3,91/12,264
2,32,3,30/7,265
2,34,3,25/7,266
2,38,3,107/28,267
2,55,3,30/7,268
2,57,3,4,269
2,60,3,30/7,270
3,31,1,403/50,271
3,41,1,2573/300,272
3,48,1,2573/300,273
3,53,1,403/50,274
3,59,1,4991/600,275
3,61,1,403/50,276
3,63,1,2573/300,277
3,66,1,2573/300,278
3,32,1,125/16,279
3,34,1,255/32,280
3,38,1,279/32,281
3,55,1,101/16,282
3,57,1,6359/800,283
3,60,1,89/8,284
3,31,2,57/4,285
3,41,2,4687/360,286
3,48,2,4687/360,287
3,53,2,4687/360,288
3,59,2,9817/720,289
3,61,2,4687/360,290
3,63,2,9817/720,291
3,66,2,57/4,292
3,32,2,133/8,293
3,34,2,29/4,294
3,38,2,75/8,295
3,55,2,27/2,296
3,57,2,237/16,297
3,60,2,351/32,298
3,31,3,134/15,299
3,41,3,6,300
3,48,3,46/15,301
3,53,3,259/30,302
3,59,3,117/20,303
3,61,3,134/15,304
3,63,3,134/15,305
3,66,3,259/30,306
3,32,3,9/2,307
3,34,3,293/80,308
3,38,3,119/32,309
3,55,3,9/2,310
3,57,3,4,311
3,60,3,43/10,312
4,31,1,1424/175,313
4,41,1,1424/175,314
4,48,1,1424/175,315
4,53,1,4792/525,316
4,59,1,4532/525,317
4,61,1,4792/525,318
4,63,1,4792/525,319
4,71,1,1424/175,320
4,32,1,303/32,321
4,34,1,279/40,322
4,38,1,6359/800,323
4,55,1,339/40,324
4,56,1,95/12,325
4,57,1,303/32,326
4,60,1,89/8,327
4,31,2,813/70,328
4,41,2,66/7,329
4,48,2,66/7,330
4,53,2,66/7,331
4,59,2,1473/140,332
4,61,2,66/7,333
4,63,2,1473/140,334
4,71,2,66/7,335
4,32,2,75/4,336
4,34,2,7,337
4,38,2,197/20,338
4,55,2,105/8,339
4,56,2,197/20,340
4,57,2,329/20,341
4,60,2,25/2,342
4,31,3,788/105,343
4,41,3,145/21,344
4,48,3,145/21,345
4,53,3,145/21,346
4,59,3,983/210,347
4,61,3,788/105,348
4,63,3,788/105,349
4,71,3,6,350
4,32,3,11/2,351
4,34,3,33/16,352
4,38,3,97/32,353
4,55,3,11/2,354
4,56,3,77/24,355
4,57,3,55/16,356
4,60,3,57/16,357
5,31,1,3479/400,358
5,41,1,3479/400,359
5,48,1,6611/800,360
5,53,1,3479/400,361
5,59,1,13569/1600,362
5,61,1,3479/400,363
5,63,1,3479/400,364
5,66,1,5403/800,365
5,71,1,3479/400,366
5,73,1,3479/400,367
5,32,1,63/8,368
5,34,1,371/40,369
5,37,1,93/10,370
5,38,1,16629/2000,371
5,55,1,303/40,372
5,57,1,63/8,373
5,60,1,63/8,374
5,67,1,157/20,375
5,31,2,467/40,376
5,41,2,911/80,377
5,48,2,911/80,378
5,53,2,911/80,379
5,59,2,369/32,380
5,61,2,911/80,381
5,63,2,467/40,382
5,66,2,467/40,383
5,71,2,911/80,384
5,73,2,313/40,385
5,32,2,303/20,386
5,34,2,743/100,387
5,37,2,69/10,388
5,38,2,883/100,389
5,55,2,171/20,390
5,57,2,1393/100,391
5,60,2,2499/200,392
5,67,2,5,393
5,31,3,557/75,394
5,41,3,557/75,395
5,48,3,557/75,396
5,53,3,557/75,397
5,59,3,11999/2400,398
5,61,3,2053/240,399
5,63,3,12493/1500,400
5,66,3,2053/240,401
5,71,3,557/75,402
5,73,3,557/75,403
5,32,3,206/25,404
5,34,3,63/50,405
5,37,3,213/50,406
5,38,3,423/100,407
5,55,3,3771/500,408
5,57,3,206/25,409
5,60,3,206/25,410
5,67,3,227/100,411
6,31,1,3371/450,412
6,41,1,2869/300,413
6,48,1,2869/300,414
6,53,1,3371/450,415
6,59,1,15349/1800,416
6,61,1,3371/450,417
6,63,1,3371/450,418
6,66,1,3371/450,419
6,71,1,2869/300,420
6,73,1,2869/300,421
6,32,1,363/40,422
6,33,1,29/4,423
6,34,1,29/4,424
6,35,1,121/20,425
6,37,1,363/40,426
6,38,1,1619/200,427
6,55,1,701/100,428
6,56,1,133/20,429
6,57,1,224/25,430
6,60,1,121/20,431
6,67,1,167/20,432
6,74,1,121/15,433
6,31,2,163/12,434
6,41,2,1349/120,435
6,48,2,163/12,436
6,53,2,1349/120,437
6,59,2,993/80,438
6,61,2,1349/120,439
6,63,2,993/80,440
6,66,2,1349/120,441
6,71,2,1349/120,442
6,73,2,1349/120,443
6,32,2,179/10,444
6,33,2,179/10,445
6,34,2,207/20,446
6,35,2,13,447
6,37,2,309/20,448
6,38,2,483/50,449
6,55,2,58/5,450
6,56,2,37/5,451
6,57,2,797/50,452
6,60,2,1167/100,453
6,67,2,483/50,454
6,74,2,179/10,455
6,31,3,2917/300,456
6,41,3,2683/300,457
6,48,3,2683/300,458
6,53,3,2683/300,459
6,59,3,603/100,460
6,61,3,2917/300,461
6,63,3,2917/300,462
6,66,3,2917/300,463
6,71,3,2683/300,464
6,73,3,2683/300,465
6,32,3,34/5,466
6,33,3,401/100,467
6,34,3,34/5,468
6,35,3,14/5,469
6,37,3,34/5,470
6,38,3,3691/1000,471
6,55,3,34/5,472
6,56,3,34/5,473
6,57,3,34/5,474
6,60,3,24/5,475
6,67,3,401/100,476
6,74,3,83/20,477
7,31,1,1217/125,478
7,41,1,1217/125,479
7,48,1,1217/125,480
7,53,1,1002/125,481
7,59,1,162/25,482
7,61,1,1002/125,483
7,63,1,1217/125,484
7,66,1,1217/125,485
7,70,1,1217/125,486
7,71,1,1217/125,487
7,73,1,1002/125,488
7,32,1,17/2,489
7,33,1,17/2,490
7,34,1,117/22,491
7,35,1,137/22,492
7,37,1,325/44,493
7,38,1,8567/1100,494
7,57,1,4403/440,495
7,60,1,137/22,496
7,67,1,599/88,497
7,74,1,17/2,498
7,31,2,709/50,499
7,41,2,709/50,500
7,48,2,709/50,501
7,53,2,453/40,502
7,59,2,5101/400,503
7,61,2,453/40,504
7,63,2,709/50,505
7,66,2,709/50,506
7,70,2,773/200,507
7,71,2,453/40,508
7,73,2,453/40,509
7,32,2,25/2,510
7,33,2,25/2,511
7,34,2,70/11,512
7,35,2,415/44,513
7,37,2,537/44,514
7,38,2,177/22,515
7,57,2,1349/110,516
7,60,2,4093/440,517
7,67,2,305/44,518
7,74,2,25/2,519
7,31,3,4231/500,520
7,41,3,1361/500,521
7,48,3,387/50,522
7,53,3,387/50,523
7,59,3,8101/1000,524
7,61,3,4231/500,525
7,63,3,4231/500,526
7,66,3,4231/500,527
7,70,3,387/50,528
7,71,3,387/50,529
7,73,3,699/125,530
7,32,3,60/11,531
7,33,3,441/110,532
7,34,3,48/11,533
7,35,3,67/22,534
7,37,3,60/11,535
7,38,3,4251/1100,536
7,57,3,31/11,537
7,60,3,60/11,538
7,67,3,48/11,539
7,74,3,60/11,540
8,31,1,8451/1100,541
8,41,1,8451/1100,542
8,48,1,8451/1100,543
8,53,1,5239/550,544
8,59,1,18929/2200,545
8,61,1,5239/550,546
8,63,1,8451/1100,547
8,70,1,7523/1100,548
8,71,1,8451/1100,549
8,73,1,5239/550,550
8,32,1,101/10,551
8,33,1,169/20,552
8,34,1,101/10,553
8,35,1,133/20,554
8,37,1,371/40,555
8,38,1,15613/2000,556
8,55,1,439/50,557
8,57,1,236/25,558
8,60,1,101/10,559
8,67,1,133/20,560
8,74,1,101/10,561
8,31,2,622/55,562
8,41,2,1019/110,563
8,48,2,622/55,564
8,53,2,1019/110,565
8,59,2,2263/220,566
8,61,2,1019/110,567
8,63,2,622/55,568
8,70,2,622/55,569
8,71,2,1019/110,570
8,73,2,1019/110,571
8,32,2,13,572
8,33,2,307/20,573
8,34,2,747/100,574
8,35,2,567/40,575
8,37,2,449/40,576
8,38,2,909/100,577
8,55,2,449/40,578
8,57,2,567/40,579
8,60,2,201/20,580
8,67,2,567/40,581
8,74,2,13,582
8,31,3,2757/275,583
8,41,3,223/25,584
8,48,3,223/25,585
8,53,3,223/25,586
8,59,3,521/55,587
8,61,3,2757/275,588
8,63,3,2757/275,589
8,70,3,169/55,590
8,71,3,223/25,591
8,73,3,2757/275,592
8,32,3,29/5,593
8,33,3,29/5,594
8,34,3,19/4,595
8,35,3,53/20,596
8,37,3,22/5,597
8,38,3,3693/1000,598
8,55,3,109/20,599
8,57,3,51/10,600
8,60,3,391/100,601
8,67,3,29/5,602
8,74,3,29/5,603
9,31,1,5043/550,604
9,36,1,9743/1100,605
9,41,1,9743/1100,606
9,48,1,9743/1100,607
9,53,1,5043/550,608
9,59,1,19829/2200,609
9,61,1,5043/550,610
9,63,1,5043/550,611
9,66,1,15789/2200,612
9,70,1,7723/1100,613
9,71,1,9743/1100,614
9,73,1,9743/1100,615
9,32,1,61/6,616
9,33,1,97/12,617
9,34,1,27/4,618
9,38,1,9437/1200,619
9,55,1,151/20,620
9,57,1,28/3,621
9,60,1,73/8,622
9,67,1,73/8,623
9,72,1,65/12,624
9,74,1,97/12,625
9,85,1,107/12,626
9,31,2,579/44,627
9,36,2,579/44,628
9,41,2,983/110,629
9,48,2,579/44,630
9,53,2,499/55,631
9,59,2,4861/440,632
9,61,2,983/110,633
9,63,2,579/44,634
9,66,2,579/44,635
9,70,2,4861/440,636
9,71,2,983/110,637
9,73,2,579/44,638
9,32,2,23/2,639
9,33,2,23/2,640
9,34,2,7,641
9,38,2,161/20,642
9,55,2,7,643
9,57,2,947/80,644
9,60,2,95/8,645
9,67,2,23/2,646
9,72,2,49/4,647
9,74,2,23/2,648
9,85,2,409/40,649
9,31,3,6891/550,650
9,36,3,119/11,651
9,41,3,119/11,652
9,48,3,119/11,653
9,53,3,119/11,654
9,59,3,12841/1100,655
9,61,3,6891/550,656
9,63,3,6891/550,657
9,66,3,6891/550,658
9,70,3,7951/1100,659
9,71,3,119/11,660
9,73,3,119/11,661
9,32,3,43/6,662
9,33,3,43/6,663
9,34,3,6,664
9,38,3,2287/600,665
9,55,3,43/6,666
9,57,3,77/15,667
9,60,3,43/6,668
9,67,3,43/6,669
9,72,3,43/6,670
9,74,3,43/6,671
9,85,3,43/6,672
10,31,1,133/15,673
10,36,1,133/15,674
10,41,1,573/70,675
10,48,1,573/70,676
10,53,1,573/70,677
10,59,1,3581/420,678
10,61,1,133/15,679
10,63,1,133/15,680
10,66,1,3581/420,681
10,70,1,467/60,682
10,71,1,573/70,683
10,73,1,573/70,684
10,86,1,8413/1050,685
10,32,1,673/65,686
10,33,1,673/65,687
10,34,1,415/52,688
10,35,1,175/26,689
10,37,1,2367/260,690
10,55,1,743/100,691
10,57,1,608/65,692
10,60,1,729/130,693
10,67,1,2367/260,694
10,72,1,1021/130,695
10,74,1,516/65,696
10,77,1,1021/130,697
10,79,1,673/65,698
10,85,1,608/65,699
10,31,2,2013/140,700
10,36,2,667/70,701
10,41,2,923/70,702
10,48,2,2013/140,703
10,53,2,923/70,704
10,59,2,3859/280,705
10,61,2,923/70,706
10,63,2,2013/140,707
10,66,2,2013/140,708
10,70,2,3347/280,709
10,71,2,923/70,710
10,73,2,2013/140,711
10,86,2,3009/350,712
10,32,2,1487/130,713
10,33,2,1523/130,714
10,34,2,293/50,715
10,35,2,301/26,716
10,37,2,301/26,717
10,55,2,409/65,718
10,57,2,301/26,719
10,60,2,2341/260,720
10,67,2,2341/260,721
10,72,2,409/65,722
10,74,2,1523/130,723
10,77,2,1523/130,724
10,79,2,409/65,725
10,85,2,263/25,726
10,31,3,151/14,727
10,36,3,6,728
10,41,3,66/7,729
10,48,3,66/7,730
10,53,3,66/7,731
10,59,3,283/28,732
10,61,3,151/14,733
10,63,3,151/14,734
10,66,3,151/14,735
10,70,3,177/28,736
10,71,3,66/7,737
10,73,3,151/14,738
10,86,3,1261/140,739
10,32,3,336/65,740
10,33,3,336/65,741
10,34,3,101/65,742
10,35,3,48/13,743
10,37,3,437/130,744
10,55,3,1392/325,745
10,57,3,336/65,746
10,60,3,48/13,747
10,67,3,437/130,748
10,72,3,336/65,749
10,74,3,336/65,750
10,77,3,336/65,751
10,79,3,336/65,752
10,85,3,1488/325,753
11,31,1,6809/750,754
11,41,1,12781/1500,755
11,42,1,8803/1125,756
11,48,1,12781/1500,757
11,53,1,12781/1500,758
11,59,1,26399/3000,759
11,61,1,6809/750,760
11,63,1,6809/750,761
11,66,1,7477/1000,762
11,70,1,7477/1000,763
11,71,1,12781/1500,764
11,73,1,6809/750,765
11,86,1,59627/7500,766
11,32,1,143/15,767
11,33,1,1021/130,768
11,34,1,9661/1300,769
11,35,1,187/26,770
11,37,1,6781/780,771
11,38,1,103629/13000,772
11,54,1,143/15,773
11,55,1,1021/130,774
11,57,1,2837/325,775
11,60,1,1021/130,776
11,67,1,6781/780,777
11,72,1,849/130,778
11,74,1,1021/130,779
11,79,1,143/15,780
11,85,1,10693/1300,781
11,31,2,5639/450,782
11,41,2,196/15,783
11,42,2,7774/675,784
11,48,2,5639/450,785
11,53,2,196/15,786
11,59,2,11519/900,787
11,61,2,196/15,788
11,63,2,5639/450,789
11,66,2,5639/450,790
11,70,2,1101/100,791
11,71,2,1343/150,792
11,73,2,5639/450,793
11,86,2,1459/125,794
11,32,2,749/65,795
11,33,2,5891/650,796
11,34,2,5,797
11,35,2,152/13,798
11,37,2,1936/195,799
11,38,2,2586/325,800
11,54,2,32/5,801
11,55,2,487/65,802
11,57,2,152/13,803
11,60,2,3412/325,804
11,67,2,483/65,805
11,72,2,1187/130,806
11,74,2,771/65,807
11,79,2,32/5,808
11,85,2,3456/325,809
11,31,3,1294/125,810
11,41,3,1131/125,811
11,42,3,4553/750,812
11,48,3,1131/125,813
11,53,3,1131/125,814
11,59,3,97/10,815
11,61,3,1294/125,816
11,63,3,1294/125,817
11,66,3,1294/125,818
11,70,3,4553/750,819
11,71,3,1131/125,820
11,73,3,1294/125,821
11,86,3,97/10,822
11,32,3,76/13,823
11,33,3,76/13,824
11,34,3,2,825
11,35,3,56/13,826
11,37,3,56/13,827
11,38,3,459/130,828
11,54,3,76/13,829
11,55,3,76/13,830
11,57,3,58/13,831
11,60,3,43/13,832
11,67,3,51/13,833
11,72,3,76/13,834
11,74,3,76/13,835
11,79,3,76/13,836
11,85,3,76/13,837
12,31,1,5809/700,838
12,36,1,11701/1400,839
12,41,1,11701/1400,840
12,42,1,8293/1050,841
12,48,1,11701/1400,842
12,53,1,11701/1400,843
12,59,1,23319/2800,844
12,61,1,5809/700,845
12,63,1,5809/700,846
12,66,1,5809/700,847
12,70,1,21471/2800,848
12,71,1,11701/1400,849
12,73,1,11701/1400,850
12,86,1,55567/7000,851
12,32,1,962/105,852
12,33,1,284/35,853
12,34,1,1072/105,854
12,35,1,47/7,855
12,37,1,163/21,856
12,38,1,13793/1750,857
12,55,1,47/7,858
12,57,1,1542/175,859
12,67,1,962/105,860
12,72,1,186/35,861
12,74,1,1072/105,862
12,77,1,284/35,863
12,79,1,1072/105,864
12,85,1,4369/525,865
12,31,2,1779/140,866
12,36,2,1779/140,867
12,41,2,1779/140,868
12,42,2,182/15,869
12,48,2,1949/140,870
12,53,2,1779/140,871
12,59,2,466/35,872
12,61,2,1779/140,873
12,63,2,1949/140,874
12,66,2,1779/140,875
12,70,2,466/35,876
12,71,2,1779/140,877
12,73,2,1949/140,878
12,86,2,8909/700,879
12,32,2,4069/280,880
12,33,2,501/70,881
12,34,2,443/35,882
12,35,2,3299/280,883
12,37,2,4069/280,884
12,38,2,6471/700,885
12,55,2,1261/140,886
12,57,2,4069/280,887
12,67,2,3299/280,888
12,72,2,3299/280,889
12,74,2,2297/140,890
12,77,2,443/35,891
12,79,2,2297/140,892
12,85,2,837/70,893
12,31,3,7319/700,894
12,36,3,6,895
12,41,3,222/25,896
12,42,3,421/140,897
12,48,3,222/25,898
12,53,3,222/25,899
12,59,3,2707/280,900
12,61,3,7319/700,901
12,63,3,7319/700,902
12,66,3,7319/700,903
12,70,3,8321/1400,904
12,71,3,222/25,905
12,73,3,7319/700,906
12,86,3,2707/280,907
12,32,3,36/7,908
12,33,3,36/7,909
12,34,3,36/7,910
12,35,3,73/28,911
12,37,3,15/4,912
12,38,3,193/56,913
12,55,3,36/7,914
12,57,3,36/7,915
12,67,3,15/4,916
12,72,3,36/7,917
12,74,3,36/7,918
12,77,3,33/14,919
12,79,3,36/7,920
12,85,3,1227/280,921
13,31,1,1153/130,922
13,36,1,1153/130,923
13,41,1,433/52,924
13,42,1,1537/195,925
13,46,1,433/52,926
13,48,1,433/52,927
13,53,1,433/52,928
13,59,1,4471/520,929
13,61,1,1153/130,930
13,63,1,1153/130,931
13,66,1,1153/130,932
13,70,1,3983/520,933
13,71,1,433/52,934
13,73,1,433/52,935
13,86,1,415/52,936
13,32,1,2887/300,937
13,33,1,593/75,938
13,34,1,427/75,939
13,35,1,4073/450,940
13,37,1,4073/450,941
13,55,1,34/5,942
13,57,1,232/25,943
13,60,1,2294/225,944
13,67,1,4073/450,945
13,72,1,427/75,946
13,74,1,4073/450,947
13,77,1,593/75,948
13,79,1,2294/225,949
13,31,2,44/3,950
13,36,2,23/2,951
13,41,2,23/2,952
13,42,2,157/12,953
13,46,2,37/3,954
13,48,2,44/3,955
13,53,2,23/2,956
13,59,2,157/12,957
13,61,2,23/2,958
13,63,2,44/3,959
13,66,2,44/3,960
13,70,2,157/12,961
13,71,2,23/2,962
13,73,2,44/3,963
13,86,2,237/20,964
13,32,2,3907/300,965
13,33,2,1019/75,966
13,34,2,1019/75,967
13,35,2,197/18,968
13,37,2,3907/300,969
13,55,2,611/75,970
13,57,2,1642/125,971
13,60,2,8663/750,972
13,67,2,764/75,973
13,72,2,509/75,974
13,74,2,1019/75,975
13,77,2,623/50,976
13,79,2,1019/75,977
13,31,3,1979/195,978
13,36,3,1754/195,979
13,41,3,1754/195,980
13,42,3,201/65,981
13,46,3,3733/390,982
13,48,3,1754/195,983
13,53,3,1754/195,984
13,59,3,3733/390,985
13,61,3,1979/195,986
13,63,3,1979/195,987
13,66,3,1979/195,988
13,70,3,2357/390,989
13,71,3,1754/195,990
13,73,3,1979/195,991
13,86,3,3733/390,992
13,32,3,394/75,993
13,33,3,6,994
13,34,3,6,995
13,35,3,34/9,996
13,37,3,68/15,997
13,55,3,6,998
13,57,3,6,999
13,60,3,62/15,1000
13,67,3,62/15,1001
13,72,3,6,1002
13,74,3,62/15,1003
13,77,3,46/15,1004
13,79,3,6,1005
14,31,1,851/90,1006
14,36,1,143/20,1007
14,41,1,97/12,1008
14,46,1,3157/360,1009
14,48,1,97/12,1010
14,53,1,97/12,1011
14,59,1,3157/360,1012
14,61,1,851/90,1013
14,63,1,851/90,1014
14,66,1,851/90,1015
14,70,1,2821/360,1016
14,71,1,97/12,1017
14,73,1,851/90,1018
14,86,1,1453/180,1019
14,32,1,99/10,1020
14,33,1,1081/140,1021
14,34,1,99/10,1022
14,35,1,839/105,1023
14,37,1,2467/280,1024
14,54,1,4437/560,1025
14,55,1,731/100,1026
14,57,1,316/35,1027
14,60,1,1081/140,1028
14,67,1,2467/280,1029
14,72,1,127/20,1030
14,74,1,99/10,1031
14,77,1,1081/140,1032
14,79,1,99/10,1033
14,85,1,5823/700,1034
14,31,2,3112/225,1035
14,36,2,3112/225,1036
14,41,2,902/75,1037
14,46,2,3112/225,1038
14,48,2,3112/225,1039
14,53,2,902/75,1040
14,59,2,6563/600,1041
14,61,2,902/75,1042
14,63,2,3112/225,1043
14,66,2,3112/225,1044
14,70,2,2909/225,1045
14,71,2,902/75,1046
14,73,2,3112/225,1047
14,86,2,108859/9000,1048
14,32,2,3473/280,1049
14,33,2,531/56,1050
14,34,2,437/35,1051
14,35,2,629/60,1052
14,37,2,3473/280,1053
14,54,2,1007/140,1054
14,55,2,2337/280,1055
14,57,2,3473/280,1056
14,60,2,14911/1400,1057
14,67,2,531/56,1058
14,72,2,531/56,1059
14,74,2,345/28,1060
14,77,2,437/35,1061
14,79,2,345/28,1062
14,85,2,3529/350,1063
14,31,3,2429/225,1064
14,36,3,2108/225,1065
14,41,3,2108/225,1066
14,46,3,4537/450,1067
14,48,3,2108/225,1068
14,53,3,2108/225,1069
14,59,3,4537/450,1070
14,61,3,2429/225,1071
14,63,3,2429/225,1072
14,66,3,2429/225,1073
14,70,3,113/18,1074
14,71,3,2108/225,1075
14,73,3,2429/225,1076
14,86,3,23327/2250,1077
14,32,3,209/35,1078
14,33,3,209/35,1079
14,34,3,51/35,1080
14,35,3,49/15,1081
14,37,3,26/7,1082
14,54,3,209/35,1083
14,55,3,209/35,1084
14,57,3,209/35,1085
14,60,3,146/35,1086
14,67,3,26/7,1087
14,72,3,209/35,1088
14,74,3,209/35,1089
14,77,3,146/35,1090
14,79,3,209/35,1091
14,85,3,982/175,1092
15,31,1,21947/2400,1093
15,41,1,13421/1600,1094
15,42,1,28279/3600,1095
15,46,1,13421/1600,1096
15,48,1,13421/1600,1097
15,53,1,13421/1600,1098
15,59,1,84157/9600,1099
15,61,1,21947/2400,1100
15,63,1,21947/2400,1101
15,66,1,21947/2400,1102
15,70,1,72853/9600,1103
15,71,1,13421/1600,1104
15,73,1,13421/1600,1105
15,83,1,13421/1600,1106
15,86,1,191621/24000,1107
15,32,1,2324/225,1108
15,33,1,206/25,1109
15,34,1,1948/225,1110
15,35,1,5294/675,1111
15,37,1,2089/225,1112
15,38,1,14713/1875,1113
15,54,1,2324/225,1114
15,55,1,33/5,1115
15,57,1,2324/225,1116
15,60,1,866/125,1117
15,67,1,2089/225,1118
15,72,1,124/25,1119
15,74,1,206/25,1120
15,77,1,206/25,1121
15,79,1,2324/225,1122
15,85,1,9472/1125,1123
15,31,2,12367/960,1124
15,41,2,3959/320,1125
15,42,2,6611/576,1126
15,46,2,2937/320,1127
15,48,2,12367/960,1128
15,53,2,3959/320,1129
15,59,2,6061/480,1130
15,61,2,3959/320,1131
15,63,2,12367/960,1132
15,66,2,12367/960,1133
15,70,2,6061/480,1134
15,71,2,3959/320,1135
15,73,2,12367/960,1136
15,83,2,6061/480,1137
15,86,2,27883/2400,1138
15,32,2,3713/300,1139
15,33,2,33/5,1140
15,34,2,118/15,1141
15,35,2,4703/450,1142
15,37,2,3713/300,1143
15,38,2,6203/750,1144
15,54,2,841/100,1145
15,55,2,33/5,1146
15,57,2,3713/300,1147
15,60,2,931/100,1148
15,67,2,29/3,1149
15,72,2,6203/750,1150
15,74,2,191/15,1151
15,77,2,601/50,1152
15,79,2,191/15,1153
15,85,2,14393/1500,1154
15,31,3,1427/150,1155
15,41,3,9949/1200,1156
15,42,3,13369/2400,1157
15,46,3,17149/2400,1158
15,48,3,9949/1200,1159
15,53,3,9949/1200,1160
15,59,3,4273/480,1161
15,61,3,1427/150,1162
15,63,3,1427/150,1163
15,66,3,1427/150,1164
15,70,3,13369/2400,1165
15,71,3,9949/1200,1166
15,73,3,1427/150,1167
15,83,3,4273/480,1168
15,86,3,4273/480,1169
15,32,3,88/15,1170
15,33,3,88/15,1171
15,34,3,9/5,1172
15,35,3,31/9,1173
15,37,3,23/6,1174
15,38,3,1031/300,1175
15,54,3,88/15,1176
15,55,3,88/15,1177
15,57,3,88/15,1178
15,60,3,98/25,1179
15,67,3,23/6,1180
15,72,3,88/15,1181
15,74,3,23/6,1182
15,77,3,8/3,1183
15,79,3,88/15,1184
15,85,3,368/75,1185
16,31,1,406/45,1186
16,41,1,581/75,1187
16,46,1,581/75,1188
16,48,1,581/75,1189
16,53,1,581/75,1190
16,59,1,3773/450,1191
16,61,1,406/45,1192
16,63,1,406/45,1193
16,66,1,3773/450,1194
16,70,1,3671/450,1195
16,71,1,581/75,1196
16,73,1,581/75,1197
16,83,1,547/75,1198
16,86,1,9136/1125,1199
16,32,1,683/70,1200
16,33,1,683/70,1201
16,34,1,683/70,1202
16,35,1,39/5,1203
16,37,1,2557/280,1204
16,55,1,5483/700,1205
16,56,1,683/70,1206
16,57,1,683/70,1207
16,60,1,5247/700,1208
16,67,1,2557/280,1209
16,72,1,719/140,1210
16,74,1,1191/140,1211
16,77,1,1191/140,1212
16,79,1,683/70,1213
16,85,1,4889/700,1214
16,31,2,487/36,1215
16,41,2,653/50,1216
16,46,2,1409/150,1217
16,48,2,487/36,1218
16,53,2,653/50,1219
16,59,2,23929/1800,1220
16,61,2,653/50,1221
16,63,2,487/36,1222
16,66,2,487/36,1223
16,70,2,20629/1800,1224
16,71,2,653/50,1225
16,73,2,487/36,1226
16,83,2,653/50,1227
16,86,2,27331/2250,1228
16,32,2,46/7,1229
16,33,2,46/7,1230
16,34,2,769/140,1231
16,35,2,52/5,1232
16,37,2,431/35,1233
16,55,2,1181/140,1234
16,56,2,179/14,1235
16,57,2,431/35,1236
16,60,2,611/50,1237
16,67,2,271/28,1238
16,72,2,206/25,1239
16,74,2,431/35,1240
16,77,2,829/70,1241
16,79,2,179/14,1242
16,85,2,6241/700,1243
16,31,3,2144/225,1244
16,41,3,1814/225,1245
16,46,3,3782/675,1246
16,48,3,1814/225,1247
16,53,3,1814/225,1248
16,59,3,1979/225,1249
16,61,3,2144/225,1250
16,63,3,2144/225,1251
16,66,3,2144/225,1252
16,70,3,1216/225,1253
16,71,3,1814/225,1254
16,73,3,2144/225,1255
16,83,3,1979/225,1256
16,86,3,409/45,1257
16,32,3,577/105,1258
16,33,3,577/105,1259
16,34,3,149/70,1260
16,35,3,1024/315,1261
16,37,3,149/70,1262
16,55,3,577/105,1263
16,56,3,188/105,1264
16,57,3,577/105,1265
16,60,3,301/75,1266
16,67,3,51/14,1267
16,72,3,577/105,1268
16,74,3,51/14,1269
16,77,3,577/105,1270
16,79,3,577/105,1271
16,85,3,4603/1050,1272
17,31,1,9883/1125,1273
17,36,1,2199/250,1274
17,41,1,2199/250,1275
17,42,1,9883/1125,1276
17,46,1,2199/250,1277
17,48,1,2199/250,1278
17,53,1,2199/250,1279
17,59,1,39557/4500,1280
17,61,1,9883/1125,1281
17,63,1,9883/1125,1282
17,66,1,39557/4500,1283
17,70,1,6529/900,1284
17,71,1,2199/250,1285
17,73,1,2199/250,1286
17,83,1,2199/250,1287
17,32,1,191/20,1288
17,33,1,247/30,1289
17,34,1,247/30,1290
17,35,1,352/45,1291
17,37,1,63/10,1292
17,38,1,23363/3000,1293
17,55,1,63/10,1294
17,57,1,163/15,1295
17,60,1,1277/150,1296
17,67,1,191/20,1297
17,72,1,131/30,1298
17,74,1,191/20,1299
17,77,1,247/30,1300
17,79,1,163/15,1301
17,85,1,23479/3000,1302
17,31,2,5537/450,1303
17,36,2,5537/450,1304
17,41,2,58/5,1305
17,42,2,2971/270,1306
17,46,2,683/75,1307
17,48,2,5537/450,1308
17,53,2,58/5,1309
17,59,2,10757/900,1310
17,61,2,58/5,1311
17,63,2,5537/450,1312
17,66,2,10757/900,1313
17,70,2,10757/900,1314
17,71,2,58/5,1315
17,73,2,5537/450,1316
17,83,2,10757/900,1317
17,32,2,63/5,1318
17,33,2,20/3,1319
17,34,2,7,1320
17,35,2,478/45,1321
17,37,2,59/6,1322
17,38,2,628/75,1323
17,55,2,46/5,1324
17,57,2,63/5,1325
17,60,2,832/75,1326
17,67,2,59/6,1327
17,72,2,628/75,1328
17,74,2,63/5,1329
17,77,2,61/5,1330
17,79,2,13,1331
17,85,2,856/75,1332
17,31,3,10201/1125,1333
17,36,3,7862/1125,1334
17,41,3,8974/1125,1335
17,42,3,69/25,1336
17,46,3,12079/2250,1337
17,48,3,8974/1125,1338
17,53,3,8974/1125,1339
17,59,3,767/90,1340
17,61,3,10201/1125,1341
17,63,3,10201/1125,1342
17,66,3,10201/1125,1343
17,70,3,12079/2250,1344
17,71,3,8974/1125,1345
17,73,3,10201/1125,1346
17,83,3,69/25,1347
17,32,3,53/15,1348
17,33,3,28/5,1349
17,34,3,53/15,1350
17,35,3,197/45,1351
17,37,3,24/5,1352
17,38,3,2187/500,1353
17,55,3,28/5,1354
17,57,3,28/5,1355
17,60,3,257/60,1356
17,67,3,137/30,1357
17,72,3,28/5,1358
17,74,3,24/5,1359
17,77,3,28/5,1360
17,79,3,28/5,1361
17,85,3,157/30,1362
18,31,1,13313/1600,1363
18,36,1,13313/1600,1364
18,41,1,13313/1600,1365
18,42,1,79697/9600,1366
18,46,1,13313/1600,1367
18,48,1,13313/1600,1368
18,53,1,19879/2400,1369
18,59,1,79697/9600,1370
18,61,1,19879/2400,1371
18,63,1,19879/2400,1372
18,70,1,73937/9600,1373
18,71,1,13313/1600,1374
18,73,1,13313/1600,1375
18,83,1,73937/9600,1376
18,86,1,190693/24000,1377
18,32,1,256/25,1378
18,33,1,698/75,1379
18,34,1,113/15,1380
18,35,1,586/75,1381
18,37,1,33/5,1382
18,38,1,14594/1875,1383
18,55,1,33/5,1384
18,56,1,256/25,1385
18,57,1,256/25,1386
18,60,1,628/75,1387
18,67,1,698/75,1388
18,72,1,362/75,1389
18,74,1,586/75,1390
18,77,1,628/75,1391
18,79,1,256/25,1392
18,85,1,1007/125,1393
18,31,2,2353/160,1394
18,36,2,2353/160,1395
18,41,2,5713/480,1396
18,42,2,3193/240,1397
18,46,2,1729/144,1398
18,48,2,2353/160,1399
18,53,2,5713/480,1400
18,59,2,3193/240,1401
18,61,2,5713/480,1402
18,63,2,2353/160,1403
18,70,2,3193/240,1404
18,71,2,5713/480,1405
18,73,2,2353/160,1406
18,83,2,23003/1920,1407
18,86,2,19643/1600,1408
18,32,2,2587/200,1409
18,33,2,121/12,1410
18,34,2,203/30,1411
18,35,2,2887/300,1412
18,37,2,121/12,1413
18,38,2,12791/1500,1414
18,55,2,9327/1000,1415
18,56,2,67/5,1416
18,57,2,2587/200,1417
18,60,2,17273/1500,1418
18,67,2,121/12,1419
18,72,2,12791/1500,1420
18,74,2,67/5,1421
18,77,2,67/5,1422
18,79,2,67/5,1423
18,85,2,17831/1500,1424
18,31,3,25343/2400,1425
18,36,3,47293/4800,1426
18,41,3,439/48,1427
18,42,3,2491/800,1428
18,46,3,7291/1600,1429
18,48,3,439/48,1430
18,53,3,439/48,1431
18,59,3,47293/4800,1432
18,61,3,25343/2400,1433
18,63,3,25343/2400,1434
18,70,3,29423/4800,1435
18,71,3,439/48,1436
18,73,3,25343/2400,1437
18,83,3,2491/800,1438
18,86,3,47293/4800,1439
18,32,3,28/5,1440
18,33,3,28/5,1441
18,34,3,28/5,1442
18,35,3,197/45,1443
18,37,3,24/5,1444
18,38,3,439/100,1445
18,55,3,28/5,1446
18,56,3,53/15,1447
18,57,3,28/5,1448
18,60,3,97/25,1449
18,67,3,137/30,1450
18,72,3,28/5,1451
18,74,3,28/5,1452
18,77,3,28/5,1453
18,79,3,28/5,1454
18,85,3,136/25,1455
19,31,1,6166/675,1456
19,36,1,1901/225,1457
19,41,1,1901/225,1458
19,42,1,6166/675,1459
19,46,1,1901/225,1460
19,48,1,1901/225,1461
19,53,1,1901/225,1462
19,59,1,11869/1350,1463
19,61,1,6166/675,1464
19,63,1,6166/675,1465
19,66,1,11869/1350,1466
19,70,1,5087/675,1467
19,71,1,1901/225,1468
19,73,1,1901/225,1469
19,83,1,1079/150,1470
19,86,1,53797/6750,1471
19,32,1,823/80,1472
19,33,1,1331/160,1473
19,34,1,485/64,1474
19,35,1,313/40,1475
19,37,1,313/40,1476
19,38,1,124727/16000,1477
19,54,1,5087/640,1478
19,55,1,5551/800,1479
19,56,1,1331/160,1480
19,57,1,823/80,1481
19,60,1,2851/320,1482
19,62,1,1331/160,1483
19,67,1,2977/320,1484
19,72,1,779/160,1485
19,74,1,823/80,1486
19,77,1,1331/160,1487
19,79,1,823/80,1488
19,85,1,2851/320,1489
19,31,2,1862/135,1490
19,36,2,1862/135,1491
19,41,2,290/27,1492
19,42,2,184/15,1493
19,46,2,2629/270,1494
19,48,2,1862/135,1495
19,53,2,290/27,1496
19,59,2,184/15,1497
19,61,2,290/27,1498
19,63,2,1862/135,1499
19,66,2,1862/135,1500
19,70,2,184/15,1501
19,71,2,290/27,1502
19,73,2,1862/135,1503
19,83,2,290/27,1504
19,86,2,3067/270,1505
19,32,2,437/32,1506
19,33,2,109/16,1507
19,34,2,7,1508
19,35,2,4673/480,1509
19,37,2,1761/160,1510
19,38,2,6883/800,1511
19,54,2,6883/800,1512
19,55,2,109/16,1513
19,56,2,437/32,1514
19,57,2,437/32,1515
19,60,2,1987/160,1516
19,62,2,437/32,1517
19,67,2,655/64,1518
19,72,2,6883/800,1519
19,74,2,6883/800,1520
19,77,2,437/32,1521
19,79,2,437/32,1522
19,85,2,21319/1600,1523
19,31,3,23473/2700,1524
19,36,3,2113/270,1525
19,41,3,2113/270,1526
19,42,3,2461/900,1527
19,46,3,44603/5400,1528
19,48,3,2113/270,1529
19,53,3,2113/270,1530
19,59,3,44603/5400,1531
19,61,3,23473/2700,1532
19,63,3,23473/2700,1533
19,66,3,23473/2700,1534
19,70,3,28513/5400,1535
19,71,3,2113/270,1536
19,73,3,23473/2700,1537
19,83,3,2461/900,1538
19,86,3,44603/5400,1539
19,32,3,47/8,1540
19,33,3,47/8,1541
19,34,3,53/16,1542
19,35,3,25/6,1543
19,37,3,25/6,1544
19,38,3,3347/800,1545
19,54,3,53/16,1546
19,55,3,47/8,1547
19,56,3,3,1548
19,57,3,47/8,1549
19,60,3,19/4,1550
19,62,3,53/16,1551
19,67,3,71/16,1552
19,72,3,47/8,1553
19,74,3,47/8,1554
19,77,3,47/8,1555
19,79,3,47/8,1556
19,85,3,199/40,1557
20,31,1,21889/2700,1558
20,42,1,31649/4050,1559
20,46,1,21889/2700,1560
20,48,1,15703/1800,1561
20,53,1,15703/1800,1562
20,59,1,90887/10800,1563
20,61,1,21889/2700,1564
20,63,1,21889/2700,1565
20,66,1,90887/10800,1566
20,70,1,79487/10800,1567
20,71,1,15703/1800,1568
20,73,1,15703/1800,1569
20,83,1,15703/1800,1570
20,86,1,211783/27000,1571
20,32,1,2129/210,1572
20,33,1,1111/140,1573
20,34,1,799/140,1574
20,35,1,2497/315,1575
20,37,1,2497/315,1576
20,38,1,110667/14000,1577
20,54,1,7123/840,1578
20,55,1,191/28,1579
20,56,1,799/140,1580
20,57,1,7591/840,1581
20,60,1,529/60,1582
20,62,1,1111/140,1583
20,67,1,7591/840,1584
20,72,1,799/140,1585
20,74,1,2129/210,1586
20,77,1,1111/140,1587
20,79,1,2129/210,1588
20,85,1,324/35,1589
20,31,2,7759/540,1590
20,42,2,19663/1620,1591
20,46,2,6317/540,1592
20,48,2,7759/540,1593
20,53,2,781/60,1594
20,59,2,3697/270,1595
20,61,2,781/60,1596
20,63,2,7759/540,1597
20,66,2,3697/270,1598
20,70,2,3697/270,1599
20,71,2,781/60,1600
20,73,2,7759/540,1601
20,83,2,3697/270,1602
20,86,2,11003/900,1603
20,32,2,64/5,1604
20,33,2,233/35,1605
20,34,2,7,1606
20,35,2,2221/210,1607
20,37,2,2221/210,1608
20,38,2,2921/350,1609
20,54,2,2921/350,1610
20,55,2,233/35,1611
20,56,2,64/5,1612
20,57,2,8849/700,1613
20,60,2,1517/140,1614
20,62,2,233/35,1615
20,67,2,681/70,1616
20,72,2,2921/350,1617
20,74,2,64/5,1618
20,77,2,64/5,1619
20,79,2,64/5,1620
20,85,2,681/70,1621
20,31,3,21367/2700,1622
20,42,3,439/180,1623
20,46,3,4702/675,1624
20,48,3,4702/675,1625
20,53,3,4702/675,1626
20,59,3,1607/216,1627
20,61,3,21367/2700,1628
20,63,3,21367/2700,1629
20,66,3,1607/216,1630
20,70,3,25393/5400,1631
20,71,3,4702/675,1632
20,73,3,21367/2700,1633
20,83,3,2903/432,1634
20,86,3,1607/216,1635
20,32,3,81/14,1636
20,33,3,81/14,1637
20,34,3,65/28,1638
20,35,3,313/84,1639
20,37,3,313/84,1640
20,38,3,2083/560,1641
20,54,3,475/112,1642
20,55,3,81/14,1643
20,56,3,65/28,1644
20,57,3,22/5,1645
20,60,3,1101/280,1646
20,62,3,43/14,1647
20,67,3,227/56,1648
20,72,3,81/14,1649
20,74,3,31/7,1650
20,77,3,65/28,1651
20,79,3,81/14,1652
20,85,3,193/35,1653
21,31,1,1481/180,1654
21,36,1,2399/270,1655
21,41,1,1481/180,1656
21,42,1,2399/270,1657
21,46,1,2399/270,1658
21,48,1,1481/180,1659
21,53,1,1481/180,1660
21,59,1,9241/1080,1661
21,61,1,2399/270,1662
21,63,1,2399/270,1663
21,66,1,9241/1080,1664
21,71,1,1481/180,1665
21,73,1,1481/180,1666
21,83,1,1481/180,1667
21,84,1,45329/5400,1668
21,86,1,21611/2700,1669
21,32,1,867/80,1670
21,33,1,1263/160,1671
21,34,1,2997/320,1672
21,35,1,949/120,1673
21,37,1,1263/160,1674
21,52,1,799/160,1675
21,54,1,553/64,1676
21,55,1,1031/160,1677
21,56,1,1263/160,1678
21,57,1,867/80,1679
21,60,1,2997/320,1680
21,62,1,867/80,1681
21,67,1,2997/320,1682
21,72,1,799/160,1683
21,74,1,867/80,1684
21,77,1,1263/160,1685
21,79,1,867/80,1686
21,85,1,6561/800,1687
21,31,2,1838/135,1688
21,36,2,1838/135,1689
21,41,2,707/60,1690
21,42,2,2743/216,1691
21,46,2,2743/216,1692
21,48,2,1838/135,1693
21,53,2,707/60,1694
21,59,2,2743/216,1695
21,61,2,707/60,1696
21,63,2,1838/135,1697
21,66,2,2743/216,1698
21,71,2,833/90,1699
21,73,2,1838/135,1700
21,83,2,2743/216,1701
21,84,2,3713/300,1702
21,86,2,63491/5400,1703
21,32,2,7,1704
21,33,2,75/8,1705
21,34,2,389/32,1706
21,35,2,989/96,1707
21,37,2,105/16,1708
21,52,2,389/32,1709
21,54,2,1309/160,1710
21,55,2,33/4,1711
21,56,2,195/16,1712
21,57,2,779/64,1713
21,60,2,839/80,1714
21,62,2,195/16,1715
21,67,2,75/8,1716
21,72,2,1309/160,1717
21,74,2,75/8,1718
21,77,2,195/16,1719
21,79,2,195/16,1720
21,85,2,3537/320,1721
21,31,3,1031/108,1722
21,36,3,190/27,1723
21,41,3,218/27,1724
21,42,3,11/4,1725
21,46,3,218/27,1726
21,48,3,218/27,1727
21,53,3,218/27,1728
21,59,3,1903/216,1729
21,61,3,1031/108,1730
21,63,3,1031/108,1731
21,66,3,1903/216,1732
21,71,3,218/27,1733
21,73,3,1031/108,1734
21,83,3,1169/216,1735
21,84,3,4837/540,1736
21,86,3,1903/216,1737
21,32,3,63/10,1738
21,33,3,63/10,1739
21,34,3,83/40,1740
21,35,3,153/40,1741
21,37,3,63/10,1742
21,52,3,31/10,1743
21,54,3,63/10,1744
21,55,3,63/10,1745
21,56,3,83/40,1746
21,57,3,63/10,1747
21,60,3,83/40,1748
21,62,3,83/40,1749
21,67,3,271/80,1750
21,72,3,63/10,1751
21,74,3,63/10,1752
21,77,3,63/10,1753
21,79,3,63/10,1754
21,85,3,63/10,1755
22,31,1,1207/135,1756
22,36,1,4793/540,1757
22,41,1,793/90,1758
22,42,1,1207/135,1759
22,46,1,43/6,1760
22,48,1,793/90,1761
22,53,1,793/90,1762
22,59,1,4793/540,1763
22,61,1,1207/135,1764
22,63,1,1207/135,1765
22,66,1,4793/540,1766
22,70,1,781/108,1767
22,71,1,793/90,1768
22,73,1,793/90,1769
22,83,1,793/90,1770
22,86,1,10633/1350,1771
22,32,1,409/40,1772
22,33,1,653/80,1773
22,34,1,107/16,1774
22,35,1,118/15,1775
22,37,1,653/80,1776
22,52,1,653/80,1777
22,54,1,1471/160,1778
22,55,1,653/80,1779
22,56,1,417/80,1780
22,57,1,409/40,1781
22,60,1,2887/400,1782
22,62,1,653/80,1783
22,67,1,1471/160,1784
22,72,1,417/80,1785
22,74,1,409/40,1786
22,77,1,653/80,1787
22,79,1,409/40,1788
22,85,1,3029/400,1789
22,31,2,163/12,1790
22,36,2,163/12,1791
22,41,2,3029/270,1792
22,42,2,18397/1620,1793
22,46,2,163/12,1794
22,48,2,163/12,1795
22,53,2,3029/270,1796
22,59,2,13393/1080,1797
22,61,2,3029/270,1798
22,63,2,163/12,1799
22,66,2,13393/1080,1800
22,70,2,13393/1080,1801
22,71,2,139/15,1802
22,73,2,163/12,1803
22,83,2,13393/1080,1804
22,86,2,61249/5400,1805
22,32,2,1933/160,1806
22,33,2,8251/800,1807
22,34,2,1933/160,1808
22,35,2,863/96,1809
22,37,2,521/80,1810
22,52,2,951/80,1811
22,54,2,767/64,1812
22,55,2,521/80,1813
22,56,2,951/80,1814
22,57,2,767/64,1815
22,60,2,779/80,1816
22,62,2,7,1817
22,67,2,46/5,1818
22,72,2,6477/800,1819
22,74,2,951/80,1820
22,77,2,951/80,1821
22,79,2,951/80,1822
22,85,2,13953/1600,1823
22,31,3,1279/135,1824
22,36,3,953/135,1825
22,41,3,1096/135,1826
22,42,3,25/9,1827
22,46,3,827/135,1828
22,48,3,1096/135,1829
22,53,3,1096/135,1830
22,59,3,475/54,1831
22,61,3,1279/135,1832
22,63,3,1279/135,1833
22,66,3,475/54,1834
22,70,3,1471/270,1835
22,71,3,1096/135,1836
22,73,3,1279/135,1837
22,83,3,827/135,1838
22,86,3,475/54,1839
22,32,3,11/2,1840
22,33,3,11/2,1841
22,34,3,3,1842
22,35,3,4,1843
22,37,3,11/2,1844
22,52,3,11/2,1845
22,54,3,11/2,1846
22,55,3,11/2,1847
22,56,3,3,1848
22,57,3,11/2,1849
22,60,3,5,1850
22,62,3,3,1851
22,67,3,17/4,1852
22,72,3,11/2,1853
22,74,3,17/4,1854
22,77,3,7/2,1855
22,79,3,11/2,1856
22,85,3,43/10,1857
23,31,1,716/85,1858
23,36,1,647/85,1859
23,41,1,42/5,1860
23,42,1,143/17,1861
23,46,1,716/85,1862
23,48,1,42/5,1863
23,53,1,42/5,1864
23,59,1,143/17,1865
23,61,1,716/85,1866
23,63,1,716/85,1867
23,66,1,143/17,1868
23,71,1,42/5,1869
23,73,1,42/5,1870
23,75,1,6691/850,1871
23,83,1,42/5,1872
23,84,1,3507/425,1873
23,86,1,3373/425,1874
23,32,1,8793/850,1875
23,33,1,13933/1700,1876
23,34,1,25859/4250,1877
23,35,1,13933/1700,1878
23,37,1,13933/1700,1879
23,52,1,8793/850,1880
23,54,1,8793/850,1881
23,55,1,11233/1700,1882
23,56,1,8533/1700,1883
23,57,1,8793/850,1884
23,60,1,117889/17000,1885
23,67,1,31519/3400,1886
23,72,1,8533/1700,1887
23,74,1,8793/850,1888
23,77,1,13933/1700,1889
23,79,1,8793/850,1890
23,85,1,13933/1700,1891
23,31,2,4691/340,1892
23,36,2,4691/340,1893
23,41,2,3949/340,1894
23,42,2,11693/1020,1895
23,46,2,3053/340,1896
23,48,2,4691/340,1897
23,53,2,3949/340,1898
23,59,2,216/17,1899
23,61,2,3949/340,1900
23,63,2,4691/340,1901
23,66,2,216/17,1902
23,71,2,3053/340,1903
23,73,2,4691/340,1904
23,75,2,3053/340,1905
23,83,2,216/17,1906
23,84,2,18331/1700,1907
23,86,2,9757/850,1908
23,32,2,3733/340,1909
23,33,2,15009/1700,1910
23,34,2,1461/170,1911
23,35,2,252/85,1912
23,37,2,523/85,1913
23,52,2,938/85,1914
23,54,2,742/85,1915
23,55,2,259/34,1916
23,56,2,938/85,1917
23,57,2,3733/340,1918
23,60,2,15921/1700,1919
23,67,2,1461/170,1920
23,72,2,6459/850,1921
23,74,2,3733/340,1922
23,77,2,938/85,1923
23,79,2,938/85,1924
23,85,2,12101/1700,1925
23,31,3,827/85,1926
23,36,3,606/85,1927
23,41,3,702/85,1928
23,42,3,239/85,1929
23,46,3,941/170,1930
23,48,3,702/85,1931
23,53,3,702/85,1932
23,59,3,1529/170,1933
23,61,3,827/85,1934
23,63,3,827/85,1935
23,66,3,1529/170,1936
23,71,3,702/85,1937
23,73,3,827/85,1938
23,75,3,702/85,1939
23,83,3,239/85,1940
23,84,3,827/85,1941
23,86,3,1529/170,1942
23,32,3,100/17,1943
23,33,3,100/17,1944
23,34,3,48/17,1945
23,35,3,100/17,1946
23,37,3,100/17,1947
23,52,3,48/17,1948
23,54,3,60/17,1949
23,55,3,100/17,1950
23,56,3,48/17,1951
23,57,3,100/17,1952
23,60,3,362/85,1953
23,67,3,74/17,1954
23,72,3,100/17,1955
23,74,3,74/17,1956
23,77,3,100/17,1957
23,79,3,100/17,1958
23,85,3,92/17,1959
24,31,1,8013/850,1960
24,36,1,25859/3400,1961
24,41,1,14193/1700,1962
24,42,1,8013/850,1963
24,48,1,14193/1700,1964
24,53,1,9833/1700,1965
24,59,1,30219/3400,1966
24,61,1,8013/850,1967
24,63,1,8013/850,1968
24,66,1,30219/3400,1969
24,70,1,25859/3400,1970
24,71,1,14193/1700,1971
24,73,1,14193/1700,1972
24,75,1,14193/1700,1973
24,83,1,14193/1700,1974
24,86,1,68091/8500,1975
24,32,1,379/40,1976
24,33,1,663/80,1977
24,34,1,6713/800,1978
24,35,1,663/80,1979
24,37,1,663/80,1980
24,38,1,62771/8000,1981
24,52,1,663/80,1982
24,55,1,1383/160,1983
24,56,1,663/80,1984
24,57,1,379/40,1985
24,60,1,379/40,1986
24,62,1,467/80,1987
24,67,1,1421/160,1988
24,72,1,467/80,1989
24,74,1,379/40,1990
24,85,1,663/80,1991
24,91,1,379/40,1992
24,31,2,433/34,1993
24,36,2,433/34,1994
24,41,2,931/85,1995
24,42,2,844/85,1996
24,48,2,433/34,1997
24,53,2,931/85,1998
24,59,2,4027/340,1999
24,61,2,931/85,2000
24,63,2,433/34,2001
24,66,2,4027/340,2002
24,70,2,4027/340,2003
24,71,2,757/85,2004
24,73,2,433/34,2005
24,75,2,3679/340,2006
24,83,2,7403/680,2007
24,86,2,4697/425,2008
24,32,2,7491/640,2009
24,33,2,205/32,2010
24,34,2,379/32,2011
24,35,2,3701/320,2012
24,37,2,379/32,2013
24,38,2,12741/1600,2014
24,52,2,3701/320,2015
24,55,2,1373/160,2016
24,56,2,379/32,2017
24,57,2,12741/1600,2018
24,60,2,3701/320,2019
24,62,2,3,2020
24,67,2,73/8,2021
24,72,2,12741/1600,2022
24,74,2,379/32,2023
24,85,2,1373/160,2024
24,91,2,73/8,2025
24,31,3,9371/850,2026
24,36,3,1287/170,2027
24,41,3,777/85,2028
24,42,3,153/50,2029
24,48,3,777/85,2030
24,53,3,777/85,2031
24,59,3,17141/1700,2032
24,61,3,9371/850,2033
24,63,3,9371/850,2034
24,66,3,17141/1700,2035
24,70,3,10371/1700,2036
24,71,3,777/85,2037
24,73,3,9371/850,2038
24,75,3,17141/1700,2039
24,83,3,777/85,2040
24,86,3,17141/1700,2041
24,32,3,51/8,2042
24,33,3,51/8,2043
24,34,3,33/16,2044
24,35,3,51/8,2045
24,37,3,51/8,2046
24,38,3,6207/1600,2047
24,52,3,51/8,2048
24,55,3,51/8,2049
24,56,3,33/16,2050
24,57,3,51/8,2051
24,60,3,51/8,2052
24,62,3,33/16,2053
24,67,3,135/32,2054
24,72,3,51/8,2055
24,74,3,51/8,2056
24,85,3,51/8,2057
24,91,3,51/8,2058
25,31,1,22739/2850,2059
25,36,1,22739/2850,2060
25,41,1,16453/1900,2061
25,42,1,22739/2850,2062
25,46,1,94837/11400,2063
25,48,1,16453/1900,2064
25,53,1,16453/1900,2065
25,59,1,94837/11400,2066
25,61,1,22739/2850,2067
25,63,1,22739/2850,2068
25,66,1,94837/11400,2069
25,70,1,84637/11400,2070
25,71,1,16453/1900,2071
25,73,1,16453/1900,2072
25,75,1,22739/2850,2073
25,83,1,16453/1900,2074
25,84,1,228833/28500,2075
25,86,1,223733/28500,2076
25,32,1,466/45,2077
25,33,1,23/3,2078
25,34,1,466/45,2079
25,35,1,23/3,2080
25,37,1,23/3,2081
25,38,1,11947/1500,2082
25,52,1,89/15,2083
25,54,1,733/90,2084
25,55,1,811/90,2085
25,57,1,466/45,2086
25,60,1,89/15,2087
25,62,1,89/15,2088
25,67,1,811/90,2089
25,72,1,89/15,2090
25,74,1,1078/135,2091
25,77,1,23/3,2092
25,79,1,466/45,2093
25,85,1,23/3,2094
25,91,1,466/45,2095
25,31,2,6773/570,2096
25,36,2,4151/380,2097
25,41,2,568/57,2098
25,42,2,4151/380,2099
25,46,2,11753/1140,2100
25,48,2,6773/570,2101
25,53,2,568/57,2102
25,59,2,4151/380,2103
25,61,2,568/57,2104
25,63,2,6773/570,2105
25,66,2,4151/380,2106
25,70,2,4151/380,2107
25,71,2,166/19,2108
25,73,2,6773/570,2109
25,75,2,6773/570,2110
25,83,2,4151/380,2111
25,84,2,31679/2850,2112
25,86,2,57979/5700,2113
25,32,2,2189/180,2114
25,33,2,1679/180,2115
25,34,2,2122/225,2116
25,35,2,2459/270,2117
25,37,2,110/9,2118
25,38,2,3679/450,2119
25,52,2,7,2120
25,54,2,61/9,2121
25,55,2,2813/300,2122
25,57,2,2189/180,2123
25,60,2,277/25,2124
25,62,2,121/10,2125
25,67,2,169/18,2126
25,72,2,3679/450,2127
25,74,2,2779/270,2128
25,77,2,110/9,2129
25,79,2,110/9,2130
25,85,2,346/45,2131
25,91,2,2189/180,2132
25,31,3,16936/1425,2133
25,36,3,14389/1425,2134
25,41,3,14389/1425,2135
25,42,3,322/95,2136
25,46,3,27769/4275,2137
25,48,3,14389/1425,2138
25,53,3,14389/1425,2139
25,59,3,1253/114,2140
25,61,3,16936/1425,2141
25,63,3,16936/1425,2142
25,66,3,16936/1425,2143
25,70,3,19219/2850,2144
25,71,3,14389/1425,2145
25,73,3,16936/1425,2146
25,75,3,16936/1425,2147
25,83,3,384/95,2148
25,84,3,79586/7125,2149
25,86,3,1253/114,2150
25,32,3,1457/270,2151
25,33,3,1457/270,2152
25,34,3,1541/540,2153
25,35,3,1457/270,2154
25,37,3,1457/270,2155
25,38,3,208147/54000,2156
25,52,3,1457/270,2157
25,54,3,1457/270,2158
25,55,3,1457/270,2159
25,57,3,1457/270,2160
25,60,3,2956/675,2161
25,62,3,1457/270,2162
25,67,3,33/8,2163
25,72,3,1457/270,2164
25,74,3,6253/1620,2165
25,77,3,1457/270,2166
25,79,3,1457/270,2167
25,85,3,1457/270,2168
25,91,3,1457/270,2169
26,31,1,803/95,2170
26,36,1,803/95,2171
26,41,1,803/95,2172
26,42,1,174/19,2173
26,46,1,561/95,2174
26,48,1,803/95,2175
26,53,1,803/95,2176
26,59,1,682/95,2177
26,61,1,174/19,2178
26,63,1,803/95,2179
26,66,1,1673/190,2180
26,70,1,1431/190,2181
26,71,1,803/95,2182
26,73,1,174/19,2183
26,75,1,1431/190,2184
26,83,1,803/95,2185
26,86,1,3786/475,2186
26,32,1,803/85,2187
26,33,1,1511/170,2188
26,34,1,803/85,2189
26,35,1,1511/170,2190
26,37,1,1511/170,2191
26,52,1,1511/170,2192
26,54,1,803/85,2193
26,55,1,1511/170,2194
26,56,1,819/170,2195
26,57,1,803/85,2196
26,60,1,6517/850,2197
26,62,1,819/170,2198
26,67,1,3117/340,2199
26,72,1,819/170,2200
26,74,1,3117/340,2201
26,77,1,1511/170,2202
26,79,1,803/85,2203
26,85,1,9,2204
26,91,1,803/85,2205
26,31,2,14087/1140,2206
26,36,2,6413/570,2207
26,41,2,771/76,2208
26,42,2,6413/570,2209
26,46,2,771/76,2210
26,48,2,14087/1140,2211
26,53,2,771/76,2212
26,59,2,6413/570,2213
26,61,2,771/76,2214
26,63,2,14087/1140,2215
26,66,2,6413/570,2216
26,70,2,6413/570,2217
26,71,2,3371/380,2218
26,73,2,14087/1140,2219
26,75,2,8729/760,2220
26,83,2,771/76,2221
26,86,2,60691/5700,2222
26,32,2,4141/340,2223
26,33,2,4141/340,2224
26,34,2,463/34,2225
26,35,2,3687/340,2226
26,37,2,3687/340,2227
26,52,2,7,2228
26,54,2,6431/680,2229
26,55,2,44/5,2230
26,56,2,463/34,2231
26,57,2,8771/680,2232
26,60,2,1449/170,2233
26,62,2,3,2234
26,67,2,173/17,2235
26,72,2,14461/1700,2236
26,74,2,8771/680,2237
26,77,2,463/34,2238
26,79,2,463/34,2239
26,85,2,27091/3400,2240
26,91,2,463/34,2241
26,31,3,178/19,2242
26,36,3,178/19,2243
26,41,3,8,2244
26,42,3,52/19,2245
26,46,3,165/19,2246
26,48,3,178/19,2247
26,53,3,8,2248
26,59,3,165/19,2249
26,61,3,178/19,2250
26,63,3,178/19,2251
26,66,3,165/19,2252
26,70,3,102/19,2253
26,71,3,8,2254
26,73,3,178/19,2255
26,75,3,165/19,2256
26,83,3,8,2257
26,86,3,165/19,2258
26,32,3,90/17,2259
26,33,3,90/17,2260
26,34,3,38/17,2261
26,35,3,58/17,2262
26,37,3,58/17,2263
26,52,3,90/17,2264
26,54,3,38/17,2265
26,55,3,90/17,2266
26,56,3,38/17,2267
26,57,3,90/17,2268
26,60,3,42/17,2269
26,62,3,90/17,2270
26,67,3,64/17,2271
26,72,3,90/17,2272
26,74,3,58/17,2273
26,77,3,90/17,2274
26,79,3,90/17,2275
26,85,3,90/17,2276
26,91,3,4,2277
27,31,1,7929/950,2278
27,36,1,17101/1900,2279
27,41,1,17101/1900,2280
27,42,1,7929/950,2281
27,46,1,17101/1900,2282
27,48,1,17101/1900,2283
27,53,1,17101/1900,2284
27,59,1,32959/3800,2285
27,61,1,7929/950,2286
27,63,1,7929/950,2287
27,66,1,32959/3800,2288
27,70,1,26991/3800,2289
27,71,1,17101/1900,2290
27,73,1,7929/950,2291
27,75,1,7929/950,2292
27,83,1,11133/1900,2293
27,84,1,32959/3800,2294
27,86,1,74067/9500,2295
27,32,1,148/15,2296
27,33,1,118/15,2297
27,34,1,37/5,2298
27,35,1,118/15,2299
27,37,1,118/15,2300
27,38,1,2983/375,2301
27,52,1,92/15,2302
27,54,1,118/15,2303
27,55,1,118/15,2304
27,57,1,133/15,2305
27,60,1,92/15,2306
27,62,1,92/15,2307
27,67,1,133/15,2308
27,72,1,92/15,2309
27,74,1,148/15,2310
27,77,1,118/15,2311
27,79,1,148/15,2312
27,85,1,124/15,2313
27,91,1,148/15,2314
27,31,2,6941/570,2315
27,36,2,14147/1140,2316
27,41,2,1201/95,2317
27,42,2,19559/1710,2318
27,46,2,12353/1140,2319
27,48,2,6941/570,2320
27,53,2,1201/95,2321
27,59,2,14147/1140,2322
27,61,2,1201/95,2323
27,63,2,6941/570,2324
27,66,2,14147/1140,2325
27,70,2,14147/1140,2326
27,71,2,902/95,2327
27,73,2,6941/570,2328
27,75,2,6941/570,2329
27,83,2,1201/95,2330
27,84,2,3157/285,2331
27,86,2,32809/2850,2332
27,32,2,4351/360,2333
27,33,2,1063/90,2334
27,34,2,13/2,2335
27,35,2,5521/540,2336
27,37,2,4351/360,2337
27,38,2,2437/300,2338
27,52,2,1063/90,2339
27,54,2,2437/300,2340
27,55,2,1381/180,2341
27,57,2,4351/360,2342
27,60,2,412/45,2343
27,62,2,13/2,2344
27,67,2,679/72,2345
27,72,2,2437/300,2346
27,74,2,4351/360,2347
27,77,2,1063/90,2348
27,79,2,445/36,2349
27,85,2,13711/1800,2350
27,91,2,4351/360,2351
27,31,3,14894/1425,2352
27,36,3,6,2353
27,41,3,2638/285,2354
27,42,3,1508/475,2355
27,46,3,2174/285,2356
27,48,3,14894/1425,2357
27,53,3,2638/285,2358
27,59,3,14042/1425,2359
27,61,3,14894/1425,2360
27,63,3,14894/1425,2361
27,66,3,14042/1425,2362
27,70,3,8857/1425,2363
27,71,3,2638/285,2364
27,73,3,14894/1425,2365
27,75,3,14042/1425,2366
27,83,3,14894/1425,2367
27,84,3,14042/1425,2368
27,86,3,14042/1425,2369
27,32,3,14/3,2370
27,33,3,14/3,2371
27,34,3,61/18,2372
27,35,3,83/27,2373
27,37,3,83/27,2374
27,38,3,309/100,2375
27,52,3,14/3,2376
27,54,3,125/36,2377
27,55,3,14/3,2378
27,57,3,14/3,2379
27,60,3,134/45,2380
27,62,3,14/3,2381
27,67,3,61/18,2382
27,72,3,14/3,2383
27,74,3,14/3,2384
27,77,3,22/9,2385
27,79,3,14/3,2386
27,85,3,14/3,2387
27,91,3,14/3,2388
28,31,1,826/95,2389
28,36,1,826/95,2390
28,39,1,826/95,2391
28,41,1,826/95,2392
28,42,1,2324/285,2393
28,46,1,826/95,2394
28,48,1,826/95,2395
28,53,1,826/95,2396
28,59,1,2401/285,2397
28,61,1,2324/285,2398
28,63,1,2324/285,2399
28,66,1,2401/285,2400
28,70,1,2104/285,2401
28,71,1,826/95,2402
28,73,1,2324/285,2403
28,75,1,2104/285,2404
28,83,1,826/95,2405
28,84,1,2401/285,2406
28,86,1,11114/1425,2407
28,32,1,992/95,2408
28,33,1,788/95,2409
28,34,1,721/95,2410
28,35,1,788/95,2411
28,37,1,788/95,2412
28,52,1,90/19,2413
28,54,1,788/95,2414
28,55,1,619/95,2415
28,56,1,90/19,2416
28,57,1,4552/475,2417
28,60,1,154/25,2418
28,62,1,992/95,2419
28,67,1,178/19,2420
28,72,1,90/19,2421
28,74,1,446/57,2422
28,77,1,788/95,2423
28,79,1,992/95,2424
28,85,1,992/95,2425
28,91,1,992/95,2426
28,31,2,1051/95,2427
28,36,2,3734/285,2428
28,39,2,19021/1710,2429
28,41,2,1051/95,2430
28,42,2,1051/95,2431
28,46,2,19021/1710,2432
28,48,2,3734/285,2433
28,53,2,1051/95,2434
28,59,2,6887/570,2435
28,61,2,1051/95,2436
28,63,2,6887/570,2437
28,66,2,6887/570,2438
28,70,2,6887/570,2439
28,71,2,1051/95,2440
28,73,2,3734/285,2441
28,75,2,3734/285,2442
28,83,2,6887/570,2443
28,84,2,6887/570,2444
28,86,2,21123/1900,2445
28,32,2,1043/76,2446
28,33,2,2383/190,2447
28,34,2,1416/95,2448
28,35,2,2179/190,2449
28,37,2,1043/76,2450
28,52,2,7,2451
28,54,2,3333/380,2452
28,55,2,355/38,2453
28,56,2,1416/95,2454
28,57,2,1043/76,2455
28,60,2,20181/1900,2456
28,62,2,661/95,2457
28,67,2,2077/190,2458
28,72,2,8437/950,2459
28,74,2,2179/190,2460
28,77,2,1416/95,2461
28,79,2,1416/95,2462
28,85,2,15791/1900,2463
28,91,2,1043/76,2464
28,31,3,1231/114,2465
28,36,3,6,2466
28,39,3,6,2467
28,41,3,527/57,2468
28,42,3,119/38,2469
28,46,3,869/114,2470
28,48,3,527/57,2471
28,53,3,527/57,2472
28,59,3,2285/228,2473
28,61,3,1231/114,2474
28,63,3,1231/114,2475
28,66,3,2285/228,2476
28,70,3,1411/228,2477
28,71,3,527/57,2478
28,73,3,1231/114,2479
28,75,3,2285/228,2480
28,83,3,1411/228,2481
28,84,3,737/76,2482
28,86,3,2285/228,2483
28,32,3,514/95,2484
28,33,3,514/95,2485
28,34,3,41/19,2486
28,35,3,997/285,2487
28,37,3,997/285,2488
28,52,3,514/95,2489
28,54,3,1511/380,2490
28,55,3,514/95,2491
28,56,3,41/19,2492
28,57,3,396/95,2493
28,60,3,514/95,2494
28,62,3,514/95,2495
28,67,3,719/190,2496
28,72,3,514/95,2497
28,74,3,514/95,2498
28,77,3,514/95,2499
28,79,3,514/95,2500
28,85,3,514/95,2501
28,91,3,514/95,2502
29,31,1,17/2,2503
29,36,1,17/2,2504
29,39,1,17/2,2505
29,41,1,17/2,2506
29,42,1,159/19,2507
29,46,1,17/2,2508
29,48,1,17/2,2509
29,53,1,17/2,2510
29,59,1,641/76,2511
29,61,1,159/19,2512
29,63,1,17/2,2513
29,66,1,641/76,2514
29,70,1,573/76,2515
29,71,1,17/2,2516
29,73,1,17/2,2517
29,75,1,573/76,2518
29,83,1,17/2,2519
29,84,1,1537/190,2520
29,86,1,1503/190,2521
29,32,1,1002/95,2522
29,33,1,169/19,2523
29,34,1,1847/190,2524
29,35,1,169/19,2525
29,37,1,169/19,2526
29,52,1,339/95,2527
29,54,1,1002/95,2528
29,55,1,592/95,2529
29,56,1,339/95,2530
29,57,1,4696/475,2531
29,60,1,4539/475,2532
29,62,1,339/95,2533
29,67,1,1847/190,2534
29,72,1,339/95,2535
29,74,1,1002/95,2536
29,77,1,169/19,2537
29,79,1,1002/95,2538
29,85,1,1847/190,2539
29,91,1,1002/95,2540
29,31,2,3703/285,2541
29,36,2,3703/285,2542
29,39,2,9532/855,2543
29,41,2,409/38,2544
29,42,2,13541/1140,2545
29,46,2,9532/855,2546
29,48,2,3703/285,2547
29,53,2,409/38,2548
29,59,2,13541/1140,2549
29,61,2,409/38,2550
29,63,2,3703/285,2551
29,66,2,13541/1140,2552
29,70,2,13541/1140,2553
29,71,2,409/38,2554
29,73,2,3703/285,2555
29,75,2,3703/285,2556
29,83,2,13541/1140,2557
29,84,2,31993/2850,2558
29,86,2,1111/100,2559
29,32,2,239/19,2560
29,33,2,2347/190,2561
29,34,2,634/95,2562
29,35,2,1008/95,2563
29,37,2,239/19,2564
29,52,2,2433/190,2565
29,54,2,2433/190,2566
29,55,2,634/95,2567
29,56,2,2433/190,2568
29,57,2,239/19,2569
29,60,2,18483/1900,2570
29,62,2,2347/190,2571
29,67,2,3701/380,2572
29,72,2,3974/475,2573
29,74,2,239/19,2574
29,77,2,2347/190,2575
29,79,2,2433/190,2576
29,85,2,3731/475,2577
29,91,2,239/19,2578
29,31,3,1285/114,2579
29,36,3,6,2580
29,39,3,6,2581
29,41,3,2743/285,2582
29,42,3,7337/1140,2583
29,46,3,15331/1710,2584
29,48,3,2743/285,2585
29,53,3,2743/285,2586
29,59,3,11911/1140,2587
29,61,3,1285/114,2588
29,63,3,1285/114,2589
29,66,3,11911/1140,2590
29,70,3,7337/1140,2591
29,71,3,2743/285,2592
29,73,3,1285/114,2593
29,75,3,1285/114,2594
29,83,3,7873/1140,2595
29,84,3,11911/1140,2596
29,86,3,11911/1140,2597
29,32,3,5,2598
29,33,3,5,2599
29,34,3,751/190,2600
29,35,3,166/57,2601
29,37,3,166/57,2602
29,52,3,5,2603
29,54,3,261/76,2604
29,55,3,5,2605
29,56,3,86/57,2606
29,57,3,5,2607
29,60,3,1937/570,2608
29,62,3,5,2609
29,67,3,371/114,2610
29,72,3,5,2611
29,74,3,5,2612
29,77,3,5,2613
29,79,3,5,2614
29,85,3,5,2615
29,91,3,5,2616
